{
  "model_architecture": "mobilenet",
  "dataset": "fashion_mnist",
  "dataset_info": {
    "dataset_name": "Fashion-MNIST",
    "loader_class": "FashionMNISTLoader",
    "num_classes": 10,
    "input_shape": [
      32,
      32,
      1
    ],
    "train_samples": 48000,
    "val_samples": 12000,
    "test_samples": 10000,
    "total_samples": 70000,
    "class_names": [
      "T-shirt/top",
      "Trouser",
      "Pullover",
      "Dress",
      "Coat",
      "Sandal",
      "Shirt",
      "Sneaker",
      "Bag",
      "Ankle boot"
    ],
    "pixel_range": "[0.000, 1.000]",
    "original_size": [
      28,
      28
    ],
    "resized_to": [
      32,
      32
    ]
  },
  "model_config": {},
  "training_params": {
    "epochs": 64,
    "batch_size": 76,
    "learning_rate": 0.001,
    "validation_split": 0.2,
    "optimizer": "adam"
  },
  "test_metrics": {
    "accuracy": 0.9,
    "loss": 0.35,
    "raw_metrics": {
      "loss": 0.35,
      "compile_metrics": 0.9
    }
  },
  "comprehensive_evaluation": {
    "test_results": {
      "model_name": "mobilenet",
      "dataset_name": "fashion_mnist",
      "accuracy": 0.5476,
      "precision": 0.5484345789121965,
      "recall": 0.5476,
      "f1_score": 0.5421912543002753,
      "precision_per_class": [
        0.5635220125786163,
        0.6652211621856028,
        0.6047565118912798,
        0.41943521594684385,
        0.4457323498419389,
        0.6948198198198198,
        0.4158686730506156,
        0.5854838709677419,
        0.5833333333333334,
        0.5061728395061729
      ],
      "recall_per_class": [
        0.448,
        0.767,
        0.534,
        0.505,
        0.423,
        0.617,
        0.304,
        0.726,
        0.455,
        0.697
      ],
      "f1_per_class": [
        0.4991643454038997,
        0.7124941941477009,
        0.5671800318640468,
        0.45825771324863884,
        0.4340687532067727,
        0.6536016949152542,
        0.3512420566146736,
        0.6482142857142857,
        0.5112359550561798,
        0.5864535128313
      ],
      "confusion_matrix": [
        [
          448,
          63,
          48,
          181,
          48,
          14,
          66,
          16,
          63,
          53
        ],
        [
          28,
          767,
          9,
          95,
          21,
          2,
          12,
          1,
          11,
          54
        ],
        [
          31,
          31,
          534,
          43,
          136,
          8,
          122,
          16,
          48,
          31
        ],
        [
          93,
          103,
          32,
          505,
          73,
          5,
          55,
          10,
          47,
          77
        ],
        [
          34,
          28,
          106,
          84,
          423,
          6,
          130,
          35,
          39,
          115
        ],
        [
          7,
          11,
          4,
          21,
          6,
          617,
          0,
          213,
          36,
          85
        ],
        [
          103,
          54,
          116,
          91,
          167,
          12,
          304,
          29,
          36,
          88
        ],
        [
          0,
          0,
          2,
          8,
          4,
          136,
          3,
          726,
          23,
          98
        ],
        [
          36,
          30,
          30,
          135,
          38,
          71,
          31,
          95,
          455,
          79
        ],
        [
          15,
          66,
          2,
          41,
          33,
          17,
          8,
          99,
          22,
          697
        ]
      ],
      "classification_report": {
        "T-shirt/top": {
          "precision": 0.5635220125786163,
          "recall": 0.448,
          "f1-score": 0.4991643454038997,
          "support": 1000.0
        },
        "Trouser": {
          "precision": 0.6652211621856028,
          "recall": 0.767,
          "f1-score": 0.7124941941477009,
          "support": 1000.0
        },
        "Pullover": {
          "precision": 0.6047565118912798,
          "recall": 0.534,
          "f1-score": 0.5671800318640468,
          "support": 1000.0
        },
        "Dress": {
          "precision": 0.41943521594684385,
          "recall": 0.505,
          "f1-score": 0.45825771324863884,
          "support": 1000.0
        },
        "Coat": {
          "precision": 0.4457323498419389,
          "recall": 0.423,
          "f1-score": 0.4340687532067727,
          "support": 1000.0
        },
        "Sandal": {
          "precision": 0.6948198198198198,
          "recall": 0.617,
          "f1-score": 0.6536016949152542,
          "support": 1000.0
        },
        "Shirt": {
          "precision": 0.4158686730506156,
          "recall": 0.304,
          "f1-score": 0.3512420566146736,
          "support": 1000.0
        },
        "Sneaker": {
          "precision": 0.5854838709677419,
          "recall": 0.726,
          "f1-score": 0.6482142857142857,
          "support": 1000.0
        },
        "Bag": {
          "precision": 0.5833333333333334,
          "recall": 0.455,
          "f1-score": 0.5112359550561798,
          "support": 1000.0
        },
        "Ankle boot": {
          "precision": 0.5061728395061729,
          "recall": 0.697,
          "f1-score": 0.5864535128313,
          "support": 1000.0
        },
        "accuracy": 0.5476,
        "macro avg": {
          "precision": 0.5484345789121965,
          "recall": 0.5476000000000001,
          "f1-score": 0.5421912543002751,
          "support": 10000.0
        },
        "weighted avg": {
          "precision": 0.5484345789121965,
          "recall": 0.5476,
          "f1-score": 0.5421912543002753,
          "support": 10000.0
        }
      },
      "roc_auc": 0.9018072388888889,
      "num_samples": 10000,
      "num_classes": 10
    },
    "validation_results": {
      "model_name": "mobilenet_validation",
      "dataset_name": "fashion_mnist",
      "accuracy": 0.5550833333333334,
      "precision": 0.5542118448421779,
      "recall": 0.5550833333333334,
      "f1_score": 0.5493850937396182,
      "precision_per_class": [
        0.5518913676042677,
        0.649614576033637,
        0.6128133704735376,
        0.43471810089020774,
        0.4476693051890941,
        0.6598639455782312,
        0.46543778801843316,
        0.5651577503429356,
        0.6128668171557562,
        0.5420854271356784
      ],
      "recall_per_class": [
        0.4741666666666667,
        0.7725,
        0.55,
        0.48833333333333334,
        0.4241666666666667,
        0.6466666666666666,
        0.33666666666666667,
        0.6866666666666666,
        0.4525,
        0.7191666666666666
      ],
      "f1_per_class": [
        0.5100851636037651,
        0.7057480015226494,
        0.5797101449275363,
        0.4599686028257457,
        0.43560119811724435,
        0.6531986531986532,
        0.390715667311412,
        0.6200150489089541,
        0.5206136145733461,
        0.6181948424068768
      ],