{
  "model_architecture": "densenet121",
  "dataset": "cifar10",
  "dataset_info": {
    "dataset_name": "CIFAR-10",
    "loader_class": "CIFAR10Loader",
    "num_classes": 10,
    "input_shape": [
      32,
      32,
      3
    ],
    "train_samples": 40000,
    "val_samples": 10000,
    "test_samples": 10000,
    "total_samples": 60000,
    "class_names": [
      "airplane",
      "automobile",
      "bird",
      "cat",
      "deer",
      "dog",
      "frog",
      "horse",
      "ship",
      "truck"
    ],
    "pixel_range": "[0.000, 1.000]"
  },
  "model_config": {},
  "training_params": {
    "epochs": 100,
    "batch_size": 32,
    "learning_rate": 0.0005,
    "validation_split": 0.2,
    "optimizer": "adam"
  },
  "test_metrics": {
    "accuracy": 0.6678000092506409,
    "loss": 1.0913487672805786,
    "raw_metrics": {
      "loss": 1.0913487672805786,
      "compile_metrics": 0.6678000092506409
    }
  },
  "test_accuracy": 0.6678000092506409,
  "test_loss": 1.0913487672805786,
  "training_history": {
    "loss": [
      1.4167100191116333,
      1.166368007659912,
      1.0878105163574219,
      1.034563422203064,
      0.9919295907020569,
      0.9540488123893738,
      0.9220068454742432,
      0.8874178528785706,
      0.8633260726928711,
      0.8323133587837219,
      0.8055280447006226,
      0.7775986194610596,
      0.755401611328125,
      0.724327027797699,
      0.7095755338668823,
      0.63270103931427,
      0.6006184816360474,
      0.5813073515892029,
      0.5641161799430847,
      0.5555419921875,
      0.5199790000915527,
      0.5015769600868225,
      0.49122220277786255,
      0.48108822107315063,
      0.47128909826278687,
      0.4573957622051239,
      0.45312783122062683,
      0.4467964768409729,
      0.43764638900756836,
      0.4329335391521454,
      0.42595335841178894,
      0.4249143600463867,
      0.42141973972320557,
      0.417498916387558,
      0.4164501428604126,
      0.4107048213481903,
      0.4127452075481415,
      0.41236573457717896,
      0.40870681405067444,
      0.4001840353012085,
      0.40379124879837036,
      0.40161851048469543,
      0.4064754545688629,
      0.40221452713012695,
      0.4018641412258148,
      0.3994506299495697,
      0.39563578367233276
    ],
    "val_loss": [
      1.1345139741897583,
      1.0796575546264648,
      1.0597617626190186,
      1.0307203531265259,
      1.0153464078903198,
      1.0170173645019531,
      1.0075565576553345,
      1.0044091939926147,
      1.0168098211288452,
      1.0020763874053955,
      1.0088040828704834,
      1.0211271047592163,
      1.017161250114441,
      1.0403867959976196,
      1.0321236848831177,
      1.0308761596679688,
      1.0278664827346802,
      1.0529290437698364,
      1.0647928714752197,
      1.0615133047103882,
      1.0529804229736328,
      1.0611790418624878,
      1.0650451183319092,
      1.070616364479065,
      1.074556827545166,
      1.071532130241394,
      1.0721179246902466,
      1.0738176107406616,
      1.0805885791778564,
      1.087484359741211,
      1.0768144130706787,
      1.0795738697052002,
      1.0811783075332642,
      1.083577275276184,
      1.0855848789215088,
      1.080342173576355,
      1.0811899900436401,
      1.0808976888656616,
      1.0839165449142456,
      1.0851573944091797,
      1.0827512741088867,
      1.0835484266281128,
      1.0834879875183105,
      1.0831234455108643,
      1.0837182998657227,
      1.0844277143478394,
      1.085131287574768
    ],
    "accuracy": [
      0.5061749815940857,
      0.5881500244140625,
      0.6166499853134155,
      0.6373000144958496,
      0.6486750245094299,
      0.6614500284194946,
      0.674049973487854,
      0.6839749813079834,
      0.6902499794960022,
      0.7052749991416931,
      0.7132250070571899,
      0.7213500142097473,
      0.7284749746322632,
      0.7390999794006348,
      0.7475000023841858,
      0.7730000019073486,
      0.7837749719619751,
      0.7922499775886536,
      0.7980250120162964,
      0.7995749711990356,
      0.8147749900817871,
      0.8216999769210815,
      0.8251000046730042,
      0.8285250067710876,
      0.8331249952316284,
      0.8360750079154968,
      0.8403499722480774,
      0.8403249979019165,
      0.8443250060081482,
      0.8476499915122986,
      0.8479250073432922,
      0.8515999913215637,
      0.8499500155448914,
      0.8537750244140625,
      0.8523250222206116,
      0.8552500009536743,
      0.8539999723434448,
      0.8538749814033508,
      0.8571249842643738,
      0.860925018787384,
      0.8564500212669373,
      0.8562999963760376,
      0.8575500249862671,
      0.8587750196456909,
      0.8579999804496765,
      0.8596000075340271,
      0.8601750135421753
    ],
    "val_accuracy": [
      0.5995000004768372,
      0.6205000281333923,
      0.6266999840736389,
      0.6392999887466431,
      0.6417999863624573,
      0.6455000042915344,
      0.6510000228881836,
      0.650600016117096,
      0.6496999859809875,
      0.6520000100135803,
      0.6531999707221985,
      0.65420001745224,
      0.6561999917030334,
      0.6563000082969666,
      0.6585000157356262,
      0.6611999869346619,
      0.664900004863739,
      0.6628000140190125,
      0.6606000065803528,
      0.6626999974250793,
      0.6639000177383423,
      0.66839998960495,
      0.6646999716758728,
      0.6676999926567078,
      0.666700005531311,
      0.6692000031471252,
      0.6674000024795532,
      0.6687999963760376,
      0.6679999828338623,
      0.6653000116348267,
      0.6696000099182129,
      0.6704000234603882,
      0.6690999865531921,
      0.6700999736785889,
      0.6694999933242798,
      0.6696000099182129,
      0.6676999926567078,
      0.6687999963760376,
      0.6694999933242798,
      0.6678000092506409,
      0.6679999828338623,
      0.6675000190734863,
      0.66839998960495,
      0.6675999760627747,
      0.6686999797821045,
      0.6682000160217285,
      0.6690999865531921
    ]
  },
  "timestamp": "20250723_105144"
}