{
  "model_architecture": "baseline_cnn",
  "dataset": "cifar10",
  "dataset_info": {
    "dataset_name": "CIFAR-10",
    "num_classes": 10,
    "input_shape": [
      32,
      32,
      3
    ],
    "train_samples": 40000,
    "val_samples": 10000,
    "test_samples": 10000,
    "total_samples": 60000,
    "class_names": [
      "airplane",
      "automobile",
      "bird",
      "cat",
      "deer",
      "dog",
      "frog",
      "horse",
      "ship",
      "truck"
    ],
    "pixel_range": "[0.000, 1.000]"
  },
  "model_config": {
    "model_name": "BaselineCNN",
    "num_classes": 10,
    "input_shape": [
      32,
      32,
      3
    ],
    "dropout_rate": 0.5,
    "hidden_units": 512,
    "conv_filters": [
      32,
      64,
      128
    ],
    "dense_units": [
      512,
      256
    ],
    "model_info": {
      "model_name": "BaselineCNN",
      "num_classes": 10,
      "input_shape": [
        32,
        32,
        3
      ],
      "weights": null,
      "include_top": false,
      "architecture": "BaselineCNN",
      "depth": 9,
      "dropout_rate": 0.5,
      "hidden_units": 512,
      "conv_filters": [
        32,
        64,
        128
      ],
      "dense_units": [
        512,
        256
      ],
      "trainable_params": "486954",
      "total_params": 486954,
      "model_size_mb": 1.8575820922851562
    }
  },
  "training_params": {
    "epochs": 2,
    "batch_size": 32,
    "learning_rate": 0.001,
    "validation_split": 0.2,
    "optimizer": "adam"
  },
  "test_metrics": {
    "accuracy": 0.10000000149011612,
    "loss": 2.302734613418579,
    "raw_metrics": {
      "loss": 2.302734613418579,
      "compile_metrics": 0.10000000149011612
    }
  },
  "test_accuracy": 0.10000000149011612,
  "test_loss": 2.302734613418579,
  "training_history": {
    "loss": [
      2.3031885623931885,
      2.3028159141540527
    ],
    "val_loss": [
      2.302734851837158,
      2.3026697635650635
    ],
    "accuracy": [
      0.09624999761581421,
      0.09912499785423279
    ],
    "val_accuracy": [
      0.10000000149011612,
      0.10000000149011612
    ]
  },
  "timestamp": "20250723_072946"
}