{
  "model_architecture": "densenet121",
  "dataset": "cifar100",
  "dataset_info": {
    "dataset_name": "CIFAR-100",
    "loader_class": "CIFAR100Loader",
    "num_classes": 100,
    "input_shape": [
      32,
      32,
      3
    ],
    "train_samples": 40000,
    "val_samples": 10000,
    "test_samples": 10000,
    "total_samples": 60000,
    "class_names": null,
    "pixel_range": "[0.000, 1.000]",
    "label_mode": "fine",
    "effective_classes": 100
  },
  "model_config": {},
  "training_params": {
    "epochs": 120,
    "batch_size": 25,
    "learning_rate": 0.0005,
    "validation_split": 0.2,
    "optimizer": "adam"
  },
  "test_metrics": {
    "accuracy": 0.40540000796318054,
    "loss": 2.491910696029663,
    "raw_metrics": {
      "loss": 2.491910696029663,
      "compile_metrics": 0.40540000796318054
    }
  },
  "test_accuracy": 0.40540000796318054,
  "test_loss": 2.491910696029663,
  "training_history": {
    "loss": [
      3.479444980621338,
      2.826127290725708,
      2.6207919120788574,
      2.4789390563964844,
      2.3773231506347656,
      2.2882418632507324,
      2.2095508575439453,
      2.154439926147461,
      2.0777604579925537,
      2.023205041885376,
      1.9623175859451294,
      1.9217908382415771,
      1.8630520105361938,
      1.8254505395889282,
      1.669066071510315,
      1.6065644025802612,
      1.5735567808151245,
      1.5373035669326782,
      1.5006273984909058,
      1.4352041482925415,
      1.400044322013855,
      1.3822238445281982,
      1.3580225706100464,
      1.342511534690857,
      1.3164234161376953,
      1.3048523664474487,
      1.2906086444854736,
      1.2772547006607056,
      1.27322256565094,
      1.2627121210098267,
      1.2468771934509277,
      1.2394719123840332,
      1.2333203554153442,
      1.2314567565917969,
      1.2302826642990112,
      1.217197060585022,
      1.2220077514648438,
      1.2168946266174316,
      1.2207099199295044,
      1.2147547006607056,
      1.2009731531143188,
      1.207414984703064,
      1.1990829706192017,
      1.2057175636291504,
      1.1989256143569946,
      1.1935369968414307,
      1.1988035440444946,
      1.1987531185150146,
      1.1954501867294312,
      1.1910871267318726,
      1.1963995695114136
    ],
    "val_loss": [
      2.7972967624664307,
      2.5964016914367676,
      2.501199960708618,
      2.4675848484039307,
      2.435338258743286,
      2.4240641593933105,
      2.4156954288482666,
      2.4163153171539307,
      2.407883882522583,
      2.433417797088623,
      2.4458985328674316,
      2.4582574367523193,
      2.4648611545562744,
      2.4629554748535156,
      2.4413928985595703,
      2.467545986175537,
      2.473710060119629,
      2.478891134262085,
      2.48065185546875,
      2.4843475818634033,
      2.498764753341675,
      2.493985652923584,
      2.4969213008880615,
      2.5078325271606445,
      2.501242160797119,
      2.506404399871826,
      2.50730299949646,
      2.5101683139801025,
      2.516167402267456,
      2.5064051151275635,
      2.5097081661224365,
      2.5130152702331543,
      2.511852502822876,
      2.5140810012817383,
      2.5113399028778076,
      2.512274742126465,
      2.512850284576416,
      2.513265609741211,
      2.514233350753784,
      2.513878107070923,
      2.5159404277801514,
      2.5154802799224854,
      2.516726493835449,
      2.517956495285034,
      2.5168840885162354,
      2.517622947692871,
      2.516664981842041,
      2.5164873600006104,
      2.5165395736694336,
      2.5167741775512695,
      2.5170860290527344
    ],
    "accuracy": [
      0.18854999542236328,
      0.2937999963760376,
      0.33035001158714294,
      0.35975000262260437,
      0.37712499499320984,
      0.3959999978542328,
      0.41234999895095825,
      0.4250749945640564,
      0.44005000591278076,
      0.4491499960422516,
      0.46277499198913574,
      0.47017499804496765,
      0.4862250089645386,
      0.490200012922287,
      0.5311499834060669,
      0.5446249842643738,
      0.5522249937057495,
      0.5613750219345093,
      0.5708249807357788,
      0.5864250063896179,
      0.59722501039505,
      0.6001499891281128,
      0.6022999882698059,
      0.6103000044822693,
      0.6172249913215637,
      0.6206750273704529,
      0.624750018119812,
      0.6300250291824341,
      0.6266250014305115,
      0.6297249794006348,
      0.634975016117096,
      0.6376500129699707,
      0.6382750272750854,
      0.6407999992370605,
      0.6411499977111816,
      0.642425000667572,
      0.6410499811172485,
      0.6440749764442444,
      0.6432499885559082,
      0.6432750225067139,
      0.6491749882698059,
      0.6431499719619751,
      0.6517999768257141,
      0.6454749703407288,
      0.6496999859809875,
      0.6521000266075134,
      0.6489499807357788,
      0.6494500041007996,
      0.6505249738693237,
      0.6515250205993652,
      0.647599995136261
    ],
    "val_accuracy": [
      0.3109999895095825,
      0.34450000524520874,
      0.3650999963283539,
      0.37130001187324524,
      0.37709999084472656,
      0.3813999891281128,
      0.3840000033378601,
      0.38530001044273376,
      0.3905999958515167,
      0.3856000006198883,
      0.38940000534057617,
      0.3885999917984009,
      0.3878999948501587,
      0.39570000767707825,
      0.4009000062942505,
      0.39959999918937683,
      0.40209999680519104,
      0.40149998664855957,
      0.4018999934196472,
      0.40230000019073486,
      0.40540000796318054,
      0.4043999910354614,
      0.40470001101493835,
      0.4050999879837036,
      0.4050999879837036,
      0.4049000144004822,
      0.4052000045776367,
      0.40450000762939453,
      0.4050000011920929,
      0.40529999136924744,
      0.40610000491142273,
      0.4056999981403351,
      0.4052000045776367,
      0.40619999170303345,
      0.40639999508857727,
      0.4075999855995178,
      0.4059999883174896,
      0.40639999508857727,
      0.40619999170303345,
      0.4059999883174896,
      0.4058000147342682,
      0.40639999508857727,
      0.4058000147342682,
      0.4056999981403351,
      0.4050999879837036,
      0.4050999879837036,
      0.40549999475479126,
      0.4056999981403351,
      0.4058000147342682,
      0.4056999981403351,
      0.4065999984741211
    ]
  },
  "timestamp": "20250724_054502"
}