{
  "model_architecture": "baseline_cnn",
  "dataset": "fashion_mnist",
  "dataset_info": {
    "dataset_name": "Fashion-MNIST",
    "num_classes": 10,
    "input_shape": [
      32,
      32,
      1
    ],
    "train_samples": 48000,
    "val_samples": 12000,
    "test_samples": 10000,
    "total_samples": 70000,
    "class_names": [
      "T-shirt/top",
      "Trouser",
      "Pullover",
      "Dress",
      "Coat",
      "Sandal",
      "Shirt",
      "Sneaker",
      "Bag",
      "Ankle boot"
    ],
    "pixel_range": "[0.000, 1.000]",
    "original_size": [
      28,
      28
    ],
    "resized_to": [
      32,
      32
    ]
  },
  "model_config": {
    "model_name": "BaselineCNN",
    "num_classes": 10,
    "input_shape": [
      32,
      32,
      1
    ],
    "dropout_rate": 0.5,
    "hidden_units": 512,
    "conv_filters": [
      32,
      64,
      128
    ],
    "dense_units": [
      512,
      256
    ],
    "model_info": {
      "model_name": "BaselineCNN",
      "num_classes": 10,
      "input_shape": [
        32,
        32,
        1
      ],
      "weights": null,
      "include_top": false,
      "architecture": "BaselineCNN",
      "depth": 9,
      "dropout_rate": 0.5,
      "hidden_units": 512,
      "conv_filters": [
        32,
        64,
        128
      ],
      "dense_units": [
        512,
        256
      ],
      "trainable_params": "486378",
      "total_params": 486378,
      "model_size_mb": 1.8553848266601562
    }
  },
  "training_params": {
    "epochs": 2,
    "batch_size": 32,
    "learning_rate": 0.001,
    "validation_split": 0.2,
    "optimizer": "adam"
  },
  "test_metrics": {
    "accuracy": 0.8725000023841858,
    "loss": 0.3433697819709778,
    "raw_metrics": {
      "loss": 0.3433697819709778,
      "compile_metrics": 0.8725000023841858
    }
  },
  "test_accuracy": 0.8725000023841858,
  "test_loss": 0.3433697819709778,
  "training_history": {
    "loss": [
      0.7840056419372559,
      0.42314383387565613
    ],
    "val_loss": [
      0.4248231053352356,
      0.31930527091026306
    ],
    "accuracy": [
      0.7042083144187927,
      0.8466874957084656
    ],
    "val_accuracy": [
      0.8402500152587891,
      0.8866666555404663
    ]
  },
  "timestamp": "20250723_073618"
}