{
  "model_architecture": "densenet121",
  "dataset": "fashion_mnist",
  "dataset_info": {
    "dataset_name": "Fashion-MNIST",
    "loader_class": "FashionMNISTLoader",
    "num_classes": 10,
    "input_shape": [
      32,
      32,
      1
    ],
    "train_samples": 48000,
    "val_samples": 12000,
    "test_samples": 10000,
    "total_samples": 70000,
    "class_names": [
      "T-shirt/top",
      "Trouser",
      "Pullover",
      "Dress",
      "Coat",
      "Sandal",
      "Shirt",
      "Sneaker",
      "Bag",
      "Ankle boot"
    ],
    "pixel_range": "[0.000, 1.000]",
    "original_size": [
      28,
      28
    ],
    "resized_to": [
      32,
      32
    ]
  },
  "model_config": {},
  "training_params": {
    "epochs": 80,
    "batch_size": 38,
    "learning_rate": 0.0005,
    "validation_split": 0.2,
    "optimizer": "adam"
  },
  "test_metrics": {
    "accuracy": 0.8838000297546387,
    "loss": 0.385270893573761,
    "raw_metrics": {
      "loss": 0.385270893573761,
      "compile_metrics": 0.8838000297546387
    }
  },
  "comprehensive_evaluation": {
    "test_results": {
      "model_name": "densenet121",
      "dataset_name": "fashion_mnist",
      "accuracy": 0.8838,
      "precision": 0.8836577217148548,
      "recall": 0.8838,
      "f1_score": 0.8836634525197774,
      "precision_per_class": [
        0.8405940594059406,
        0.9867886178861789,
        0.8169014084507042,
        0.8696517412935323,
        0.7792836398838335,
        0.9708249496981891,
        0.6915113871635611,
        0.940254652301665,
        0.9721115537848606,
        0.9686552072800809
      ],
      "recall_per_class": [
        0.849,
        0.971,
        0.812,
        0.874,
        0.805,
        0.965,
        0.668,
        0.96,
        0.976,
        0.958
      ],
      "f1_per_class": [
        0.844776119402985,
        0.9788306451612904,
        0.8144433299899699,
        0.8718204488778055,
        0.7919331037875061,
        0.9679037111334002,
        0.6795523906408952,
        0.9500247402276101,
        0.9740518962075848,
        0.963298139768728
      ],
      "confusion_matrix": [
        [
          849,
          2,
          13,
          31,
          3,
          0,
          95,
          0,
          7,
          0
        ],
        [
          1,
          971,
          3,
          19,
          1,
          0,
          3,
          0,
          2,
          0
        ],
        [
          14,
          2,
          812,
          8,
          84,
          0,
          76,
          0,
          4,
          0
        ],
        [
          22,
          7,
          13,
          874,
          41,
          0,
          41,
          0,
          2,
          0
        ],
        [
          4,
          0,
          74,
          40,
          805,
          0,
          75,
          0,
          2,
          0
        ],
        [
          0,
          0,
          0,
          0,
          0,
          965,
          0,
          30,
          0,
          5
        ],
        [
          120,
          2,
          75,
          29,
          97,
          0,
          668,
          0,
          8,
          1
        ],
        [
          0,
          0,
          0,
          0,
          0,
          18,
          0,
          960,
          0,
          22
        ],
        [
          0,
          0,
          3,
          4,
          2,
          4,
          8,
          0,
          976,
          3
        ],
        [
          0,
          0,
          1,
          0,
          0,
          7,
          0,
          31,
          3,
          958
        ]
      ],
      "classification_report": {
        "T-shirt/top": {
          "precision": 0.8405940594059406,
          "recall": 0.849,
          "f1-score": 0.844776119402985,
          "support": 1000.0
        },
        "Trouser": {
          "precision": 0.9867886178861789,
          "recall": 0.971,
          "f1-score": 0.9788306451612904,
          "support": 1000.0
        },
        "Pullover": {
          "precision": 0.8169014084507042,
          "recall": 0.812,
          "f1-score": 0.8144433299899699,
          "support": 1000.0
        },
        "Dress": {
          "precision": 0.8696517412935323,
          "recall": 0.874,
          "f1-score": 0.8718204488778055,
          "support": 1000.0
        },
        "Coat": {
          "precision": 0.7792836398838335,
          "recall": 0.805,
          "f1-score": 0.7919331037875061,
          "support": 1000.0
        },
        "Sandal": {
          "precision": 0.9708249496981891,
          "recall": 0.965,
          "f1-score": 0.9679037111334002,
          "support": 1000.0
        },
        "Shirt": {
          "precision": 0.6915113871635611,
          "recall": 0.668,
          "f1-score": 0.6795523906408952,
          "support": 1000.0
        },
        "Sneaker": {
          "precision": 0.940254652301665,
          "recall": 0.96,
          "f1-score": 0.9500247402276101,
          "support": 1000.0
        },
        "Bag": {
          "precision": 0.9721115537848606,
          "recall": 0.976,
          "f1-score": 0.9740518962075848,
          "support": 1000.0
        },
        "Ankle boot": {
          "precision": 0.9686552072800809,
          "recall": 0.958,
          "f1-score": 0.963298139768728,
          "support": 1000.0
        },
        "accuracy": 0.8838,
        "macro avg": {
          "precision": 0.8836577217148547,
          "recall": 0.8837999999999999,
          "f1-score": 0.8836634525197775,
          "support": 10000.0
        },
        "weighted avg": {
          "precision": 0.8836577217148548,
          "recall": 0.8838,
          "f1-score": 0.8836634525197774,
          "support": 10000.0
        }
      },
      "roc_auc": 0.9903428722222221,
      "num_samples": 10000,
      "num_classes": 10
    },
    "validation_results": {
      "model_name": "densenet121_validation",
      "dataset_name": "fashion_mnist",
      "accuracy": 0.8870833333333333,
      "precision": 0.8873507062602635,
      "recall": 0.8870833333333333,
      "f1_score": 0.8871691549739026,
      "precision_per_class": [
        0.8443514644351464,
        0.9949022939677146,
        0.824212271973466,
        0.859463850528026,
        0.8052276559865092,
        0.9508196721311475,
        0.7034883720930233,
        0.9548936170212766,
        0.9773679798826488,
        0.9587798845836768
      ],
      "recall_per_class": [
        0.8408333333333333,
        0.9758333333333333,
        0.8283333333333334,
        0.8816666666666667,
        0.7958333333333333,
        0.9666666666666667,
        0.7058333333333333,
        0.935,
        0.9716666666666667,
        0.9691666666666666
      ],
      "f1_per_class": [
        0.84258872651357,
        0.985275557425326,
        0.8262676641729011,
        0.8704236939531057,
        0.8005029337803856,
        0.9586776859504132,
        0.7046589018302829,
        0.9448421052631579,
        0.9745089845382365,
        0.9639452963116453
      ],