{
  "model_architecture": "resnet50",
  "dataset": "celeba",
  "dataset_info": {
    "dataset_name": "CelebA",
    "loader_class": "CelebALoader",
    "num_classes": 2,
    "input_shape": [
      64,
      64,
      3
    ],
    "train_samples": 129663,
    "val_samples": 32416,
    "test_samples": 40520,
    "total_samples": 202599,
    "class_names": null,
    "pixel_range": "[0.000, 0.996]",
    "target_attribute": "Smiling",
    "image_size": [
      64,
      64
    ],
    "max_samples": null,
    "use_existing": true,
    "prefer_tar": false,
    "class_distribution_train": {
      "negative": "67155",
      "positive": "62508"
    }
  },
  "model_config": {},
  "training_params": {
    "epochs": 100,
    "batch_size": 22,
    "learning_rate": 0.0005,
    "validation_split": 0.2,
    "optimizer": "adam"
  },
  "test_metrics": {
    "accuracy": 0.5179170966148376,
    "loss": 0.692507803440094,
    "raw_metrics": {
      "loss": 0.692507803440094,
      "compile_metrics": 0.5179170966148376
    }
  },
  "comprehensive_evaluation": {
    "test_results": {
      "model_name": "resnet50",
      "dataset_name": "celeba",
      "task_type": "binary",
      "accuracy": 0.5179170779861797,
      "precision": 0.0,
      "recall": 0.0,
      "f1_score": 0.0,
      "roc_auc": 0.5014669628026334,
      "precision_per_class": [
        0.5179170779861797,
        0.0
      ],
      "recall_per_class": [
        1.0,
        0.0
      ],
      "f1_per_class": [
        0.6824049686209476,
        0.0
      ],
      "confusion_matrix": [
        [
          20986,
          0
        ],
        [
          19534,
          0
        ]
      ],
      "classification_report": {
        "0": {
          "precision": 0.5179170779861797,
          "recall": 1.0,
          "f1-score": 0.6824049686209476,
          "support": 20986.0
        },
        "1": {
          "precision": 0.0,
          "recall": 0.0,
          "f1-score": 0.0,
          "support": 19534.0
        },
        "accuracy": 0.5179170779861797,
        "macro avg": {
          "precision": 0.25895853899308985,
          "recall": 0.5,
          "f1-score": 0.3412024843104738,
          "support": 40520.0
        },
        "weighted avg": {
          "precision": 0.26823809966974255,
          "recall": 0.5179170779861797,
          "f1-score": 0.3534291873514118,
          "support": 40520.0
        }
      },
      "class_distribution": {
        "true": [
          20986,
          19534
        ],
        "predicted": [
          40520
        ]
      }
    },
    "validation_results": {
      "model_name": "resnet50_validation",
      "dataset_name": "celeba",
      "task_type": "binary",
      "accuracy": 0.5179232477788747,
      "precision": 0.0,
      "recall": 0.0,
      "f1_score": 0.0,
      "roc_auc": 0.5065261849592431,
      "precision_per_class": [
        0.5179232477788747,
        0.0
      ],
      "recall_per_class": [
        1.0,
        0.0
      ],
      "f1_per_class": [
        0.6824103241540493,
        0.0
      ],
      "confusion_matrix": [
        [
          16789,
          0
        ],
        [
          15627,
          0
        ]
      ],
      "classification_report": {
        "0": {
          "precision": 0.5179232477788747,
          "recall": 1.0,
          "f1-score": 0.6824103241540493,
          "support": 16789.0
        },
        "1": {
          "precision": 0.0,
          "recall": 0.0,
          "f1-score": 0.0,
          "support": 15627.0
        },
        "accuracy": 0.5179232477788747,
        "macro avg": {
          "precision": 0.25896162388943733,
          "recall": 0.5,
          "f1-score": 0.34120516207702467,
          "support": 32416.0
        },
        "weighted avg": {
          "precision": 0.2682444905898176,
          "recall": 0.5179232477788747,
          "f1-score": 0.3534361714036999,
          "support": 32416.0
        }
      },
      "class_distribution": {
        "true": [
          16789,
          15627
        ],
        "predicted": [
          32416
        ]
      }
    },
    "evaluation_strategy": {
      "accuracy": "Overall classification performance",
      "precision_recall_f1": "Multi-class and imbalanced task analysis",
      "confusion_matrix": "Class-specific performance inspection",
      "learning_curves": "Learning dynamics tracking",
      "model_comparison": "Performance comparison capability"
    }
  },
  "test_accuracy": 0.5179170966148376,
  "test_loss": 0.692507803440094,
  "training_history": {
    "loss": [
      0.6947956681251526,
      0.692536473274231,
      0.6925309896469116,
      0.6925204396247864,
      0.6925274729728699,
      0.692520260810852,
      0.6925203204154968,
      0.6925188302993774,
      0.6925187706947327,
      0.6925187706947327,
      0.6925187110900879,
      0.692518413066864,
      0.6925159692764282,
      0.6925151348114014,
      0.6925154328346252,
      0.6925153732299805
    ],
    "val_loss": [
      0.6925088763237,
      0.6925083994865417,
      0.6925029158592224,
      0.6925014853477478,
      0.6925049424171448,
      0.6925014853477478,
      0.6925082206726074,
      0.6925069093704224,
      0.6925069689750671,
      0.6925069689750671,
      0.6925069689750671,
      0.6925003528594971,
      0.6925036311149597,
      0.6925077438354492,
      0.6925095915794373,
      0.6925095319747925
    ],
    "accuracy": [
      0.5144798159599304,
      0.5179195404052734,
      0.5178655385971069,
      0.5179195404052734,
      0.5177961587905884,
      0.5179195404052734,
      0.5179195404052734,
      0.5179195404052734,
      0.5179195404052734,
      0.5179195404052734,
      0.5179195404052734,
      0.5179195404052734,
      0.5179195404052734,
      0.5179195404052734,
      0.5179195404052734,
      0.5179195404052734
    ],
    "val_accuracy": [
      0.5179232358932495,
      0.5179232358932495,
      0.5179232358932495,
      0.5179232358932495,
      0.5179232358932495,
      0.5179232358932495,
      0.5179232358932495,
      0.5179232358932495,
      0.5179232358932495,
      0.5179232358932495,
      0.5179232358932495,
      0.5179232358932495,
      0.5179232358932495,
      0.5179232358932495,
      0.5179232358932495,
      0.5179232358932495
    ]
  },
  "timestamp": "20250724_175058"
}