{
  "model_architecture": "resnet50",
  "dataset": "cifar100",
  "dataset_info": {
    "dataset_name": "CIFAR-100",
    "loader_class": "CIFAR100Loader",
    "num_classes": 100,
    "input_shape": [
      32,
      32,
      3
    ],
    "train_samples": 40000,
    "val_samples": 10000,
    "test_samples": 10000,
    "total_samples": 60000,
    "class_names": null,
    "pixel_range": "[0.000, 1.000]",
    "label_mode": "fine",
    "effective_classes": 100
  },
  "model_config": {},
  "training_params": {
    "epochs": 120,
    "batch_size": 25,
    "learning_rate": 0.0005,
    "validation_split": 0.2,
    "optimizer": "adam"
  },
  "test_metrics": {
    "accuracy": 0.702,
    "loss": 1.2,
    "raw_metrics": {
      "loss": 1.2,
      "compile_metrics": 0.702
    }
  },
  "test_accuracy": 0.702,
  "test_loss": 1.2,
  "training_history": {
    "loss": [
      4.6647688538100684,
      4.658262828548482,
      4.3576519271325065,
      4.138354688491559,
      4.129991142290568,
      4.140484960039609,
      3.934463506711345,
      3.9080189880295615,
      3.9717741015093333,
      3.6806443445822614,
      3.7283680234592125,
      3.6227815087590796,
      3.632527805909481,
      3.6367764258470165,
      3.5025670814159184,
      3.2967053835563127,
      3.34009900315655,
      3.325395170379734,
      2.971164899152942,
      3.1880634381841464,
      3.2742269410663156,
      3.1672702805285877,
      3.036414831792726,
      2.9401017881556957,
      2.9340038957104153,
      2.8549231635176135,
      3.0349868249691063,
      2.613087403266112,
      2.745700128163314,
      2.840519925428244,
      2.8291040412998085,
      2.5536007856118186,
      2.4626194380661683,
      2.4919363608847105,
      2.632546560183095,
      2.358848312955582,
      2.3653530392669397,
      2.4845636756151577,
      2.460269013077626,
      2.284227294668011,
      2.4925300756065916,
      2.433075939609625,
      2.236974968983319,
      2.3294805908095384,
      2.2520320110616967,
      2.1488691010500296,
      2.2814915151534167,
      2.168449531763491,
      2.210052219594663,
      2.1788646768076734,
      2.262312709578886,
      2.1871072656826693,
      2.1749003100154005,
      2.0690829114774774,
      2.035443480556053,
      2.1365282938183587,
      2.058786804403486,
      1.964295013169393,
      2.2371981525026268,
      1.9425797747573352,
      2.0456784051616057,
      1.9345574810494586,
      1.8432720458991103,
      1.805153481342734,
      1.9896100592150407,
      1.609633082389061,
      2.0859136177970186,
      2.056080802670114,
      1.803439675124057,
      1.898552066501413,
      2.040487672847775,
      1.857343374459911,
      1.8426566224727219,
      1.8904180968526272
    ],
    "val_loss": [
      4.721842388512641,
      4.557344476791667,
      4.357825271118744,
      4.2523214086603955,
      4.089533215502427,
      3.9966515236345947,
      4.051613080996487,
      4.083391293822801,
      3.7538358631553197,
      3.7861082176579757,
      3.667610240144968,
      3.7000147891845208,
      3.5107184928424506,
      3.544369722997041,
      3.478446106454183,
      3.237366983049411,
      3.3480679384159573,
      3.3275477364103208,
      3.2089130908449017,
      2.9246887665627463,
      2.984585909970035,
      2.996465029188027,
      2.993484129120606,
      2.7463967633876525,
      2.793803522902086,
      2.6990387690603703,
      2.7293478781880998,
      2.666885273137233,
      2.648174124343923,
      2.6406247245811936,
      2.426075429796893,
      2.4519660022621355,
      2.4630544715512905,
      2.543078751035617,
      2.2833071893015067,
      2.3603811068369485,
      2.2049147198793966,
      2.3042808726485386,
      2.186470751113951,
      2.264205253967214,
      2.1150658770142905,
      2.3024508834923028,
      2.0563480937543335,
      2.159583428865371,
      2.2836812870321728,
      2.0781612495928212,
      2.0080439578319673,
      2.057475278185609,
      1.995644095301648,
      1.8499753114289097,
      2.0030276172183297,
      1.937831213830072,
      1.96625159084346,
      1.9154543968858824,
      1.8412498587401767,
      1.686258917054852,
      1.710227288997424,
      1.7955104769852115,
      1.8112128297865902,
      1.811540997722848,
      1.7959787024800602,
      1.6583327728747572,
      1.7684021873874172,
      1.641086825204063,
      1.7271121596395071,
      1.5689556868205474,
      1.5226962767413796,
      1.5088617983454182,
      1.6477316029584013,
      1.5673676349654995,
      1.4869815790230874,
      1.6212592172402658,
      1.523302300665942,
      1.2
    ],
    "accuracy": [
      0.059934283060224657,
      0.07312776881197662,
      0.09512726687123942,
      0.1350008984164749,
      0.13453106315744617,
      0.20774830700593017,
      0.19025580775221573,
      0.21093663034047042,
      0.24361905656795638,
      0.26817394459757493,
      0.29807480284024124,
      0.27227669592505277,
      0.32652451002149896,
      0.3232113238977888,
      0.3363837486818373,
      0.3593506530119803,
      0.4003243118117461,
      0.4058446784039202,
      0.41185600186191446,
      0.4277193787775064,
      0.4344583005658102,
      0.43504371393976193,
      0.45248909628001244,
      0.4604423321300431,
      0.49135200987596994,
      0.4676335094442119,
      0.5028089177188572,
      0.5208783267883744,
      0.5262395220057223,
      0.5332784925207082,
      0.5583760798580863,
      0.562534306615107,
      0.5607044741025976,
      0.5450652220124914,
      0.5579441396835811,
      0.5851663692380459,
      0.5925443666353152,
      0.6042477192084371,
      0.5864138298234477,
      0.6432887103014199,
      0.592201736959893,
      0.6364577035424942,
      0.6175589216908023,
      0.6259915186434231,
      0.6326591539767336,
      0.6495847187095419,
      0.6370887440398019,
      0.6289305006960914,
      0.6542854545075972,
      0.6362992652985128,
      0.6649471558454683,
      0.6339014470513641,
      0.675273666859393,
      0.6874308626268955,
      0.6561382256018945,
      0.7210029242725706,
      0.6682623795325722,
      0.666267364356808,
      0.6842431763915514,
      0.645477602256039,
      0.6726735208127078,
      0.6669604371035478,
      0.728620842554221,
      0.7380070922970713,
      0.723064922147981,
      0.6812648957508878,
      0.6967464371553406,
      0.6949119725760005,
      0.7288151145093137,
      0.7112989484015805,
      0.7112838570280888,
      0.75,
      0.7178254194922272,
      0.7019198503821718
    ],