{
  "model_architecture": "baseline_cnn",
  "dataset": "cifar100",
  "dataset_info": {
    "dataset_name": "CIFAR-100",
    "loader_class": "CIFAR100Loader",
    "num_classes": 100,
    "input_shape": [
      32,
      32,
      3
    ],
    "train_samples": 40000,
    "val_samples": 10000,
    "test_samples": 10000,
    "total_samples": 60000,
    "class_names": null,
    "pixel_range": "[0.000, 1.000]",
    "label_mode": "fine",
    "effective_classes": 100
  },
  "model_config": {
    "model_name": "BaselineCNN",
    "num_classes": 100,
    "input_shape": [
      32,
      32,
      3
    ],
    "dropout_rate": 0.6,
    "hidden_units": 512,
    "conv_filters": [
      32,
      64,
      128,
      256
    ],
    "dense_units": [
      1024,
      512,
      256
    ],
    "model_info": {
      "model_name": "BaselineCNN",
      "num_classes": 100,
      "input_shape": [
        32,
        32,
        3
      ],
      "weights": null,
      "include_top": false,
      "architecture": "BaselineCNN",
      "depth": 12,
      "dropout_rate": 0.6,
      "hidden_units": 512,
      "conv_filters": [
        32,
        64,
        128,
        256
      ],
      "dense_units": [
        1024,
        512,
        256
      ],
      "trainable_params": "2119844",
      "total_params": 2119844,
      "model_size_mb": 8.086563110351562,
      "architecture_type": "Configurable CNN (4 conv + 3 dense)"
    }
  },
  "training_params": {
    "epochs": 96,
    "batch_size": 25,
    "learning_rate": 0.001,
    "validation_split": 0.2,
    "optimizer": "adam"
  },
  "test_metrics": {
    "accuracy": 0.23600000143051147,
    "loss": 3.1389989852905273,
    "raw_metrics": {
      "loss": 3.1389989852905273,
      "compile_metrics": 0.23600000143051147
    }
  },
  "test_accuracy": 0.23600000143051147,
  "test_loss": 3.1389989852905273,
  "training_history": {
    "loss": [
      4.673709869384766,
      4.505378723144531,
      4.302497863769531,
      4.169257640838623,
      4.082499980926514,
      4.041982650756836,
      4.007679462432861,
      3.984187126159668,
      3.960801601409912,
      3.9518003463745117,
      3.9304451942443848,
      3.923809289932251,
      3.9099156856536865,
      3.8433010578155518,
      3.805727005004883,
      3.7896387577056885,
      3.767094850540161,
      3.7659854888916016,
      3.741704225540161,
      3.7331745624542236,
      3.7249808311462402,
      3.7159922122955322,
      3.7003464698791504,
      3.6876578330993652,
      3.6811106204986572,
      3.6741020679473877,
      3.6654727458953857,
      3.657771587371826,
      3.6556570529937744,
      3.633028507232666,
      3.6344053745269775,
      3.631810188293457,
      3.6183762550354004,
      3.615541696548462,
      3.6050164699554443,
      3.5990355014801025,
      3.588759422302246,
      3.586735963821411,
      3.5743184089660645,
      3.5762500762939453,
      3.5730957984924316,
      3.571340560913086,
      3.5687479972839355,
      3.5570106506347656,
      3.552168846130371,
      3.5426549911499023,
      3.541599988937378,
      3.532451868057251,
      3.523521900177002,
      3.5266528129577637,
      3.517198085784912,
      3.5134387016296387,
      3.4998972415924072,
      3.5062711238861084,
      3.4970924854278564,
      3.49006724357605,
      3.4895753860473633,
      3.4845235347747803,
      3.484363317489624,
      3.4694883823394775,
      3.473723888397217,
      3.421863555908203,
      3.3949522972106934,
      3.388889789581299,
      3.3744096755981445,
      3.365859031677246,
      3.3546082973480225,
      3.3482606410980225,
      3.350955009460449,
      3.34012770652771,
      3.34381103515625,
      3.3343753814697266,
      3.3309569358825684,
      3.3254237174987793,
      3.3172683715820312,
      3.3158934116363525,
      3.3089487552642822,
      3.306056261062622,
      3.2913272380828857,
      3.295257806777954,
      3.290433645248413,
      3.2815418243408203,
      3.280654191970825,
      3.2878918647766113,
      3.265120506286621,
      3.269601345062256,
      3.2647204399108887,
      3.2597744464874268,
      3.2520196437835693,
      3.250211000442505,
      3.2499918937683105,
      3.241870403289795,
      3.2512941360473633,
      3.2358293533325195,
      3.2246487140655518,
      3.22118878364563
    ],
    "val_loss": [
      4.6052727699279785,
      4.446573257446289,
      4.253491401672363,
      4.132748603820801,
      4.154240608215332,
      4.097184658050537,
      4.046130657196045,
      3.9334256649017334,
      3.9728760719299316,
      4.003084659576416,
      4.028198719024658,
      3.938014507293701,
      3.98724365234375,
      3.8565754890441895,
      3.8880796432495117,
      3.8203234672546387,
      3.8408117294311523,
      3.8063340187072754,
      3.777059316635132,
      3.7385034561157227,
      3.7665042877197266,
      3.7897539138793945,
      3.6885430812835693,
      3.7419967651367188,
      3.625393867492676,
      3.7217094898223877,
      3.691943645477295,
      3.622387409210205,
      3.6634395122528076,
      3.685955762863159,
      3.6638808250427246,
      3.6169164180755615,
      3.6024386882781982,
      3.5800280570983887,
      3.570457696914673,
      3.604355812072754,
      3.5051488876342773,
      3.541097640991211,
      3.5387823581695557,
      3.5745012760162354,
      3.4879097938537598,
      3.5547144412994385,
      3.514295816421509,
      3.468801975250244,
      3.5081772804260254,
      3.5030055046081543,
      3.4766933917999268,
      3.4724059104919434,
      3.4523932933807373,
      3.4579715728759766,
      3.484464406967163,
      3.3953592777252197,
      3.537468433380127,
      3.443610906600952,
      3.5057456493377686,
      3.3595519065856934,
      3.4024715423583984,
      3.386256217956543,
      3.4394311904907227,
      3.364175319671631,
      3.388810157775879,
      3.3740878105163574,
      3.3390860557556152,
      3.3229191303253174,
      3.3191170692443848,
      3.326218366622925,
      3.3686511516571045,
      3.269686222076416,
      3.2928733825683594,
      3.267655849456787,
      3.3019886016845703,
      3.317059278488159,
      3.250441074371338,
      3.2279019355773926,
      3.2712106704711914,
      3.2312304973602295,
      3.2530674934387207,
      3.2115869522094727,
      3.2592413425445557,
      3.2026891708374023,
      3.254505157470703,
      3.2584354877471924,
      3.1799962520599365,
      3.2413108348846436,
      3.21038818359375,
      3.181764602661133,
      3.2363545894622803,
      3.169804811477661,
      3.1632580757141113,
      3.2083592414855957,
      3.241114377975464,
      3.1566522121429443,
      3.340104341506958,
      3.166525363922119,
      3.1928601264953613,
      3.1797218322753906
    ],