{
  "model_architecture": "densenet121",
  "dataset": "celeba",
  "dataset_info": {
    "dataset_name": "CelebA",
    "loader_class": "CelebALoader",
    "num_classes": 2,
    "input_shape": [
      64,
      64,
      3
    ],
    "train_samples": 129663,
    "val_samples": 32416,
    "test_samples": 40520,
    "total_samples": 202599,
    "class_names": null,
    "pixel_range": "[0.000, 0.996]",
    "target_attribute": "Smiling",
    "image_size": [
      64,
      64
    ],
    "max_samples": null,
    "use_existing": true,
    "prefer_tar": false,
    "class_distribution_train": {
      "negative": "67155",
      "positive": "62508"
    }
  },
  "model_config": {},
  "training_params": {
    "epochs": 100,
    "batch_size": 22,
    "learning_rate": 0.0005,
    "validation_split": 0.2,
    "optimizer": "adam"
  },
  "test_metrics": {
    "accuracy": 0.5178677439689636,
    "loss": 0.692523181438446,
    "raw_metrics": {
      "loss": 0.692523181438446,
      "compile_metrics": 0.5178677439689636
    }
  },
  "comprehensive_evaluation": {
    "test_results": {
      "model_name": "densenet121",
      "dataset_name": "celeba",
      "task_type": "binary",
      "accuracy": 0.51786771964462,
      "precision": 0.49137931034482757,
      "recall": 0.002917989147128084,
      "f1_score": 0.005801526717557252,
      "roc_auc": 0.5022737286153247,
      "precision_per_class": [
        0.517943767943768,
        0.49137931034482757
      ],
      "recall_per_class": [
        0.997188601925093,
        0.002917989147128084
      ],
      "f1_per_class": [
        0.681772275614921,
        0.005801526717557252
      ],
      "confusion_matrix": [
        [
          20927,
          59
        ],
        [
          19477,
          57
        ]
      ],
      "classification_report": {
        "0": {
          "precision": 0.517943767943768,
          "recall": 0.997188601925093,
          "f1-score": 0.681772275614921,
          "support": 20986.0
        },
        "1": {
          "precision": 0.49137931034482757,
          "recall": 0.002917989147128084,
          "f1-score": 0.005801526717557252,
          "support": 19534.0
        },
        "accuracy": 0.51786771964462,
        "macro avg": {
          "precision": 0.5046615391442978,
          "recall": 0.5000532955361106,
          "f1-score": 0.34378690116623917,
          "support": 40520.0
        },
        "weighted avg": {
          "precision": 0.5051374966027585,
          "recall": 0.51786771964462,
          "f1-score": 0.3558983217906095,
          "support": 40520.0
        }
      },
      "class_distribution": {
        "true": [
          20986,
          19534
        ],
        "predicted": [
          40404,
          116
        ]
      }
    },
    "validation_results": {
      "model_name": "densenet121_validation",
      "dataset_name": "celeba",
      "task_type": "binary",
      "accuracy": 0.5183551332675223,
      "precision": 0.5686274509803921,
      "recall": 0.003711524924809624,
      "f1_score": 0.007374912581855172,
      "roc_auc": 0.4956168278874147,
      "precision_per_class": [
        0.5181964473602773,
        0.5686274509803921
      ],
      "recall_per_class": [
        0.9973792364047889,
        0.003711524924809624
      ],
      "f1_per_class": [
        0.682035720831721,
        0.007374912581855172
      ],
      "confusion_matrix": [
        [
          16745,
          44
        ],
        [
          15569,
          58
        ]
      ],
      "classification_report": {
        "0": {
          "precision": 0.5181964473602773,
          "recall": 0.9973792364047889,
          "f1-score": 0.682035720831721,
          "support": 16789.0
        },
        "1": {
          "precision": 0.5686274509803921,
          "recall": 0.003711524924809624,
          "f1-score": 0.007374912581855172,
          "support": 15627.0
        },
        "accuracy": 0.5183551332675223,
        "macro avg": {
          "precision": 0.5434119491703346,
          "recall": 0.5005453806647993,
          "f1-score": 0.3447053167067881,
          "support": 32416.0
        },
        "weighted avg": {
          "precision": 0.542508061796714,
          "recall": 0.5183551332675223,
          "f1-score": 0.35679742953974625,
          "support": 32416.0
        }
      },
      "class_distribution": {
        "true": [
          16789,
          15627
        ],
        "predicted": [
          32314,
          102
        ]
      }
    },
    "evaluation_strategy": {
      "accuracy": "Overall classification performance",
      "precision_recall_f1": "Multi-class and imbalanced task analysis",
      "confusion_matrix": "Class-specific performance inspection",
      "learning_curves": "Learning dynamics tracking",
      "model_comparison": "Performance comparison capability"
    }
  },
  "test_accuracy": 0.5178677439689636,
  "test_loss": 0.692523181438446,
  "training_history": {
    "loss": [
      0.6958566308021545,
      0.6926860809326172,
      0.6926285624504089,
      0.6926159858703613,
      0.6925784349441528,
      0.6925278902053833,
      0.6925493478775024,
      0.6925435066223145,
      0.6925337314605713,
      0.6925210952758789,
      0.692514955997467,
      0.6924397349357605,
      0.6923409104347229,
      0.6924155354499817,
      0.6922502517700195,
      0.6921201348304749,
      0.6920232772827148,
      0.6920679807662964,
      0.6920448541641235,
      0.6920296549797058,
      0.6918078064918518,
      0.6917504668235779,
      0.6916829347610474,
      0.6914644241333008,
      0.6915372610092163,
      0.6913505792617798
    ],
    "val_loss": [
      0.692533552646637,
      0.6925097703933716,
      0.692510187625885,
      0.6925221085548401,
      0.6925060749053955,
      0.6925069689750671,
      0.6925004124641418,
      0.6925004720687866,
      0.6925706267356873,
      0.6926178932189941,
      0.692520260810852,
      0.6925339698791504,
      0.6925013661384583,
      0.6925473809242249,
      0.6926804184913635,
      0.692654550075531,
      0.6926301121711731,
      0.6927822232246399,
      0.6928682327270508,
      0.6927757859230042,
      0.6926681399345398,
      0.6927265524864197,
      0.692777693271637,
      0.692855179309845,
      0.6928109526634216,
      0.6929274797439575
    ],
    "accuracy": [
      0.5129990577697754,
      0.517117440700531,
      0.5175955891609192,
      0.5171483159065247,
      0.5176341533660889,
      0.5175338983535767,
      0.5176804661750793,
      0.5177112817764282,
      0.5177884101867676,
      0.5170866250991821,
      0.5176187753677368,
      0.5178269743919373,
      0.5179272294044495,
      0.5183128714561462,
      0.5182743072509766,
      0.5189144015312195,
      0.5195082426071167,
      0.5188141465187073,
      0.5201329588890076,
      0.518976092338562,
      0.521050751209259,
      0.5206265449523926,
      0.5209658741950989,
      0.5229402184486389,
      0.5223541259765625,
      0.5223772525787354
    ],
    "val_accuracy": [
      0.5179232358932495,
      0.5179232358932495,
      0.5179232358932495,
      0.5179232358932495,
      0.5179232358932495,
      0.5179232358932495,
      0.5178924202919006,
      0.5179232358932495,
      0.5171211957931519,
      0.5169360637664795,
      0.518355131149292,
      0.5171211957931519,
      0.5178924202919006,
      0.5177381634712219,
      0.5159797668457031,
      0.5154553055763245,
      0.516874372959137,
      0.5154553055763245,
      0.5163190960884094,
      0.5161340236663818,
      0.5172445774078369,
      0.5169052481651306,
      0.5166893005371094,
      0.5152702331542969,
      0.5159180760383606,
      0.5162265300750732
    ]
  },
  "timestamp": "20250724_223257"
}