{
  "model_architecture": "resnet50",
  "dataset": "cifar10",
  "dataset_info": {
    "dataset_name": "CIFAR-10",
    "loader_class": "CIFAR10Loader",
    "num_classes": 10,
    "input_shape": [
      32,
      32,
      3
    ],
    "train_samples": 40000,
    "val_samples": 10000,
    "test_samples": 10000,
    "total_samples": 60000,
    "class_names": [
      "airplane",
      "automobile",
      "bird",
      "cat",
      "deer",
      "dog",
      "frog",
      "horse",
      "ship",
      "truck"
    ],
    "pixel_range": "[0.000, 1.000]"
  },
  "model_config": {},
  "training_params": {
    "epochs": 100,
    "batch_size": 32,
    "learning_rate": 0.0005,
    "validation_split": 0.2,
    "optimizer": "adam"
  },
  "test_metrics": {
    "accuracy": 0.40639999508857727,
    "loss": 1.685685396194458,
    "raw_metrics": {
      "loss": 1.685685396194458,
      "compile_metrics": 0.40639999508857727
    }
  },
  "test_accuracy": 0.40639999508857727,
  "test_loss": 1.685685396194458,
  "training_history": {
    "loss": [
      2.226750612258911,
      2.1076786518096924,
      2.065201997756958,
      2.0387401580810547,
      2.0197629928588867,
      2.001326560974121,
      1.9907349348068237,
      1.979904055595398,
      1.970551609992981,
      1.9725911617279053,
      1.9607967138290405,
      1.9517161846160889,
      1.9447505474090576,
      1.9364187717437744,
      1.9480626583099365,
      1.9350169897079468,
      1.929243564605713,
      1.9279056787490845,
      1.9185848236083984,
      1.9165679216384888,
      1.912433385848999,
      1.9083902835845947,
      1.9108635187149048,
      1.9091356992721558,
      1.9049798250198364,
      1.9035980701446533,
      1.900429129600525,
      1.8891730308532715,
      1.897222876548767,
      1.8911384344100952,
      1.890951156616211,
      1.8807294368743896,
      1.888296127319336,
      1.8833121061325073,
      1.8811101913452148,
      1.876558542251587,
      1.8801636695861816,
      1.8530298471450806,
      1.858157753944397,
      1.8521472215652466,
      1.8468533754348755,
      1.8476874828338623,
      1.8492023944854736,
      1.8457154035568237,
      1.8442175388336182,
      1.8470544815063477,
      1.8411078453063965,
      1.8397620916366577,
      1.8390384912490845,
      1.845200538635254,
      1.8415634632110596,
      1.8405771255493164,
      1.8278000354766846,
      1.8273550271987915,
      1.8259124755859375,
      1.8220851421356201,
      1.822082281112671,
      1.822399616241455,
      1.8208940029144287,
      1.8218272924423218,
      1.8191841840744019,
      1.824036717414856,
      1.8226439952850342,
      1.8178297281265259,
      1.8147296905517578,
      1.8183759450912476,
      1.8135006427764893,
      1.8151599168777466,
      1.814121127128601,
      1.8178355693817139,
      1.8131871223449707,
      1.8131002187728882,
      1.809834599494934,
      1.8108209371566772,
      1.8126343488693237,
      1.8093080520629883,
      1.8110179901123047,
      1.8076927661895752,
      1.8092732429504395,
      1.806182861328125,
      1.8073004484176636,
      1.8077853918075562,
      1.8034271001815796,
      1.8053501844406128
    ],
    "val_loss": [
      2.0985522270202637,
      2.031768321990967,
      1.9751193523406982,
      1.9415326118469238,
      1.9156297445297241,
      1.9121341705322266,
      1.8799207210540771,
      1.8596607446670532,
      1.8796212673187256,
      1.8697564601898193,
      1.844752311706543,
      1.8617998361587524,
      1.8170291185379028,
      1.8449798822402954,
      1.8248679637908936,
      1.8134716749191284,
      1.807582974433899,
      1.7984304428100586,
      1.7828172445297241,
      1.7908214330673218,
      1.7821576595306396,
      1.7771931886672974,
      1.7840248346328735,
      1.7648130655288696,
      1.7634142637252808,
      1.7608681917190552,
      1.7765024900436401,
      1.7561124563217163,
      1.7620890140533447,
      1.7498663663864136,
      1.7784048318862915,
      1.7369900941848755,
      1.737763524055481,
      1.7569454908370972,
      1.7385165691375732,
      1.7465343475341797,
      1.7470052242279053,
      1.7295453548431396,
      1.7282896041870117,
      1.7294422388076782,
      1.7164952754974365,
      1.7218027114868164,
      1.7109767198562622,
      1.7227189540863037,
      1.7271054983139038,
      1.7069532871246338,
      1.7057263851165771,
      1.7106379270553589,
      1.7206453084945679,
      1.7087429761886597,
      1.727583646774292,
      1.7143193483352661,
      1.6985511779785156,
      1.6990125179290771,
      1.6947871446609497,
      1.6992806196212769,
      1.6935337781906128,
      1.6873888969421387,
      1.7064812183380127,
      1.6921457052230835,
      1.6942411661148071,
      1.6910275220870972,
      1.6886634826660156,
      1.6889911890029907,
      1.68827486038208,
      1.6889245510101318,
      1.6835821866989136,
      1.690491795539856,
      1.6893478631973267,
      1.6955541372299194,
      1.686161756515503,
      1.6863746643066406,
      1.6886283159255981,
      1.6883997917175293,
      1.6874265670776367,
      1.6839035749435425,
      1.6882948875427246,
      1.6871286630630493,
      1.686926007270813,
      1.6899949312210083,
      1.6840871572494507,
      1.685640811920166,
      1.685828685760498,
      1.686181664466858
    ],
    "accuracy": [
      0.1658249944448471,
      0.2121499925851822,
      0.22997500002384186,
      0.24210000038146973,
      0.24847500026226044,
      0.2556999921798706,
      0.26522499322891235,
      0.2635749876499176,
      0.2702000141143799,
      0.2694999873638153,
      0.2739500105381012,
      0.2799749970436096,
      0.2845500111579895,
      0.289000004529953,
      0.281125009059906,
      0.2878749966621399,
      0.290800005197525,
      0.28942498564720154,
      0.29280000925064087,
      0.29477500915527344,
      0.2942500114440918,
      0.29624998569488525,
      0.29862499237060547,
      0.29807499051094055,
      0.3022249937057495,
      0.2990249991416931,
      0.30297499895095825,
      0.30535000562667847,
      0.3018999993801117,
      0.3041749894618988,
      0.30660000443458557,
      0.30797499418258667,
      0.30524998903274536,
      0.30767500400543213,
      0.31154999136924744,
      0.31212499737739563,
      0.31107500195503235,
      0.32272499799728394,
      0.3187749981880188,
      0.32330000400543213,
      0.3252499997615814,
      0.3246000111103058,
      0.3235749900341034,
      0.3268499970436096,
      0.32727500796318054,
      0.32717499136924744,
      0.33047500252723694,
      0.326449990272522,
      0.32877498865127563,
      0.32717499136924744,
      0.3295249938964844,
      0.3280250132083893,
      0.33032500743865967,
      0.3355500102043152,
      0.33594998717308044,
      0.33535000681877136,
      0.33489999175071716,
      0.3363249897956848,
      0.3365750014781952,
      0.3364750146865845,
      0.33845001459121704,
      0.33344998955726624,
      0.3359000086784363,
      0.33832499384880066,
      0.3372749984264374,
      0.33492499589920044,
      0.34062498807907104,
      0.3412500023841858,
      0.33777499198913574,
      0.3370000123977661,
      0.3393000066280365,
      0.3390749990940094,
      0.3421500027179718,
      0.3416750133037567,
      0.3400999903678894,
      0.3415749967098236,
      0.340925008058548,
      0.3435499966144562,
      0.3411000072956085,
      0.34007498621940613,
      0.3453499972820282,
      0.342974990606308,
      0.3419249951839447,
      0.34322500228881836
    ],