{
  "model_architecture": "inceptionv3",
  "dataset": "cifar10",
  "dataset_info": {
    "dataset_name": "CIFAR-10",
    "loader_class": "CIFAR10Loader",
    "num_classes": 10,
    "input_shape": [
      32,
      32,
      3
    ],
    "train_samples": 40000,
    "val_samples": 10000,
    "test_samples": 10000,
    "total_samples": 60000,
    "class_names": [
      "airplane",
      "automobile",
      "bird",
      "cat",
      "deer",
      "dog",
      "frog",
      "horse",
      "ship",
      "truck"
    ],
    "pixel_range": "[0.000, 1.000]"
  },
  "model_config": {},
  "training_params": {
    "epochs": 120,
    "batch_size": 24,
    "learning_rate": 0.0003,
    "validation_split": 0.2,
    "optimizer": "adam"
  },
  "test_metrics": {
    "accuracy": 0.6434999704360962,
    "loss": 1.2259868383407593,
    "raw_metrics": {
      "loss": 1.2259868383407593,
      "compile_metrics": 0.6434999704360962
    }
  },
  "comprehensive_evaluation": {
    "test_results": {
      "model_name": "inceptionv3",
      "dataset_name": "cifar10",
      "accuracy": 0.6435,
      "precision": 0.6440511326663724,
      "recall": 0.6435,
      "f1_score": 0.6428852328828896,
      "precision_per_class": [
        0.6870681145113524,
        0.7701149425287356,
        0.5981087470449172,
        0.4709800190294957,
        0.5764944275582573,
        0.6389496717724289,
        0.5962897526501767,
        0.6863905325443787,
        0.7120921305182342,
        0.7040229885057471
      ],
      "recall_per_class": [
        0.696,
        0.737,
        0.506,
        0.495,
        0.569,
        0.584,
        0.675,
        0.696,
        0.742,
        0.735
      ],
      "f1_per_class": [
        0.6915052160953801,
        0.7531936637710782,
        0.5482123510292525,
        0.4826913700633837,
        0.5727226975339708,
        0.6102403343782654,
        0.6332082551594747,
        0.6911618669314796,
        0.7267384916748286,
        0.7191780821917808
      ],
      "confusion_matrix": [
        [
          696,
          23,
          43,
          28,
          24,
          5,
          15,
          20,
          112,
          34
        ],
        [
          30,
          737,
          2,
          22,
          8,
          8,
          11,
          17,
          41,
          124
        ],
        [
          70,
          8,
          506,
          85,
          104,
          56,
          101,
          42,
          24,
          4
        ],
        [
          25,
          19,
          59,
          495,
          62,
          119,
          117,
          40,
          24,
          40
        ],
        [
          22,
          7,
          77,
          58,
          569,
          28,
          112,
          96,
          16,
          15
        ],
        [
          12,
          5,
          45,
          173,
          41,
          584,
          59,
          60,
          7,
          14
        ],
        [
          17,
          6,
          56,
          92,
          84,
          35,
          675,
          11,
          18,
          6
        ],
        [
          21,
          13,
          32,
          47,
          73,
          62,
          21,
          696,
          12,
          23
        ],
        [
          88,
          35,
          16,
          25,
          16,
          5,
          13,
          11,
          742,
          49
        ],
        [
          32,
          104,
          10,
          26,
          6,
          12,
          8,
          21,
          46,
          735
        ]
      ],
      "classification_report": {
        "airplane": {
          "precision": 0.6870681145113524,
          "recall": 0.696,
          "f1-score": 0.6915052160953801,
          "support": 1000.0
        },
        "automobile": {
          "precision": 0.7701149425287356,
          "recall": 0.737,
          "f1-score": 0.7531936637710782,
          "support": 1000.0
        },
        "bird": {
          "precision": 0.5981087470449172,
          "recall": 0.506,
          "f1-score": 0.5482123510292525,
          "support": 1000.0
        },
        "cat": {
          "precision": 0.4709800190294957,
          "recall": 0.495,
          "f1-score": 0.4826913700633837,
          "support": 1000.0
        },
        "deer": {
          "precision": 0.5764944275582573,
          "recall": 0.569,
          "f1-score": 0.5727226975339708,
          "support": 1000.0
        },
        "dog": {
          "precision": 0.6389496717724289,
          "recall": 0.584,
          "f1-score": 0.6102403343782654,
          "support": 1000.0
        },
        "frog": {
          "precision": 0.5962897526501767,
          "recall": 0.675,
          "f1-score": 0.6332082551594747,
          "support": 1000.0
        },
        "horse": {
          "precision": 0.6863905325443787,
          "recall": 0.696,
          "f1-score": 0.6911618669314796,
          "support": 1000.0
        },
        "ship": {
          "precision": 0.7120921305182342,
          "recall": 0.742,
          "f1-score": 0.7267384916748286,
          "support": 1000.0
        },
        "truck": {
          "precision": 0.7040229885057471,
          "recall": 0.735,
          "f1-score": 0.7191780821917808,
          "support": 1000.0
        },
        "accuracy": 0.6435,
        "macro avg": {
          "precision": 0.6440511326663725,
          "recall": 0.6435000000000001,
          "f1-score": 0.6428852328828895,
          "support": 10000.0
        },
        "weighted avg": {
          "precision": 0.6440511326663724,
          "recall": 0.6435,
          "f1-score": 0.6428852328828896,
          "support": 10000.0
        }
      },
      "roc_auc": 0.9343674611111111,
      "num_samples": 10000,
      "num_classes": 10
    },
    "validation_results": {
      "model_name": "inceptionv3_validation",
      "dataset_name": "cifar10",
      "accuracy": 0.6494,
      "precision": 0.6506974154948553,
      "recall": 0.6494,
      "f1_score": 0.6492227810995738,
      "precision_per_class": [
        0.6656656656656657,
        0.7747933884297521,
        0.6311970979443773,
        0.47666971637694416,
        0.5986124876114965,
        0.6149843912591051,
        0.6550137994480221,
        0.6506378802747792,
        0.7202020202020202,
        0.7191977077363897
      ],
      "recall_per_class": [
        0.665,
        0.75,
        0.522,
        0.521,
        0.604,
        0.591,
        0.712,
        0.663,
        0.713,
        0.753
      ],
      "f1_per_class": [
        0.6653326663331666,
        0.7621951219512195,
        0.5714285714285714,
        0.4978499761108457,
        0.6012941762070682,
        0.6027536970933197,
        0.682319118351701,
        0.6567607726597325,
        0.7165829145728643,
        0.7357107962872497
      ],