{
  "model_architecture": "inceptionv3",
  "dataset": "fashion_mnist",
  "dataset_info": {
    "dataset_name": "Fashion-MNIST",
    "loader_class": "FashionMNISTLoader",
    "num_classes": 10,
    "input_shape": [
      32,
      32,
      1
    ],
    "train_samples": 48000,
    "val_samples": 12000,
    "test_samples": 10000,
    "total_samples": 70000,
    "class_names": [
      "T-shirt/top",
      "Trouser",
      "Pullover",
      "Dress",
      "Coat",
      "Sandal",
      "Shirt",
      "Sneaker",
      "Bag",
      "Ankle boot"
    ],
    "pixel_range": "[0.000, 1.000]",
    "original_size": [
      28,
      28
    ],
    "resized_to": [
      32,
      32
    ]
  },
  "model_config": {},
  "training_params": {
    "epochs": 96,
    "batch_size": 28,
    "learning_rate": 0.0003,
    "validation_split": 0.2,
    "optimizer": "adam"
  },
  "test_metrics": {
    "accuracy": 0.8658999800682068,
    "loss": 0.49046239256858826,
    "raw_metrics": {
      "loss": 0.49046239256858826,
      "compile_metrics": 0.8658999800682068
    }
  },
  "comprehensive_evaluation": {
    "test_results": {
      "model_name": "inceptionv3",
      "dataset_name": "fashion_mnist",
      "accuracy": 0.8659,
      "precision": 0.8659619389944111,
      "recall": 0.8659,
      "f1_score": 0.8657059378573587,
      "precision_per_class": [
        0.8302277432712215,
        0.9749498997995992,
        0.8355879292403746,
        0.8441295546558705,
        0.7555555555555555,
        0.9551478083588175,
        0.6554192229038854,
        0.913926499032882,
        0.9507874015748031,
        0.9438877755511023
      ],
      "recall_per_class": [
        0.802,
        0.973,
        0.803,
        0.834,
        0.816,
        0.937,
        0.641,
        0.945,
        0.966,
        0.942
      ],
      "f1_per_class": [
        0.8158697863682605,
        0.973973973973974,
        0.818969913309536,
        0.8390342052313883,
        0.7846153846153846,
        0.9459868753154972,
        0.6481294236602629,
        0.9292035398230089,
        0.9583333333333334,
        0.9429429429429429
      ],
      "confusion_matrix": [
        [
          802,
          4,
          16,
          45,
          7,
          1,
          103,
          0,
          21,
          1
        ],
        [
          1,
          973,
          1,
          19,
          2,
          0,
          3,
          0,
          1,
          0
        ],
        [
          14,
          4,
          803,
          9,
          85,
          0,
          80,
          0,
          5,
          0
        ],
        [
          24,
          11,
          15,
          834,
          47,
          0,
          63,
          1,
          4,
          1
        ],
        [
          4,
          2,
          64,
          33,
          816,
          1,
          78,
          0,
          2,
          0
        ],
        [
          1,
          0,
          0,
          0,
          0,
          937,
          0,
          45,
          2,
          15
        ],
        [
          117,
          3,
          60,
          44,
          117,
          2,
          641,
          1,
          13,
          2
        ],
        [
          0,
          0,
          0,
          0,
          0,
          19,
          0,
          945,
          2,
          34
        ],
        [
          3,
          1,
          2,
          4,
          6,
          5,
          9,
          1,
          966,
          3
        ],
        [
          0,
          0,
          0,
          0,
          0,
          16,
          1,
          41,
          0,
          942
        ]
      ],
      "classification_report": {
        "T-shirt/top": {
          "precision": 0.8302277432712215,
          "recall": 0.802,
          "f1-score": 0.8158697863682605,
          "support": 1000.0
        },
        "Trouser": {
          "precision": 0.9749498997995992,
          "recall": 0.973,
          "f1-score": 0.973973973973974,
          "support": 1000.0
        },
        "Pullover": {
          "precision": 0.8355879292403746,
          "recall": 0.803,
          "f1-score": 0.818969913309536,
          "support": 1000.0
        },
        "Dress": {
          "precision": 0.8441295546558705,
          "recall": 0.834,
          "f1-score": 0.8390342052313883,
          "support": 1000.0
        },
        "Coat": {
          "precision": 0.7555555555555555,
          "recall": 0.816,
          "f1-score": 0.7846153846153846,
          "support": 1000.0
        },
        "Sandal": {
          "precision": 0.9551478083588175,
          "recall": 0.937,
          "f1-score": 0.9459868753154972,
          "support": 1000.0
        },
        "Shirt": {
          "precision": 0.6554192229038854,
          "recall": 0.641,
          "f1-score": 0.6481294236602629,
          "support": 1000.0
        },
        "Sneaker": {
          "precision": 0.913926499032882,
          "recall": 0.945,
          "f1-score": 0.9292035398230089,
          "support": 1000.0
        },
        "Bag": {
          "precision": 0.9507874015748031,
          "recall": 0.966,
          "f1-score": 0.9583333333333334,
          "support": 1000.0
        },
        "Ankle boot": {
          "precision": 0.9438877755511023,
          "recall": 0.942,
          "f1-score": 0.9429429429429429,
          "support": 1000.0
        },
        "accuracy": 0.8659,
        "macro avg": {
          "precision": 0.865961938994411,
          "recall": 0.8658999999999999,
          "f1-score": 0.8657059378573588,
          "support": 10000.0
        },
        "weighted avg": {
          "precision": 0.8659619389944111,
          "recall": 0.8659,
          "f1-score": 0.8657059378573587,
          "support": 10000.0
        }
      },
      "roc_auc": 0.9879902500000001,
      "num_samples": 10000,
      "num_classes": 10
    },
    "validation_results": {
      "model_name": "inceptionv3_validation",
      "dataset_name": "fashion_mnist",
      "accuracy": 0.8778333333333334,
      "precision": 0.8774596921074399,
      "recall": 0.8778333333333334,
      "f1_score": 0.8775411748631106,
      "precision_per_class": [
        0.8577476714648603,
        0.9806397306397306,
        0.8235785953177257,
        0.8458401305057096,
        0.7843925985518906,
        0.9522998296422487,
        0.7100436681222707,
        0.9157808667211774,
        0.957166392092257,
        0.947107438016529
      ],
      "recall_per_class": [
        0.8441666666666666,
        0.9708333333333333,
        0.8208333333333333,
        0.8641666666666666,
        0.8125,
        0.9316666666666666,
        0.6775,
        0.9333333333333333,
        0.9683333333333334,
        0.955
      ],
      "f1_per_class": [
        0.8509029819403612,
        0.97571189279732,
        0.82220367278798,
        0.8549051937345424,
        0.7981989357347523,
        0.9418702611625948,
        0.6933901918976546,
        0.9244737928188197,
        0.9627174813587407,
        0.9510373443983402
      ],