{
  "model_architecture": "resnet50",
  "dataset": "fashion_mnist",
  "dataset_info": {
    "dataset_name": "Fashion-MNIST",
    "loader_class": "FashionMNISTLoader",
    "num_classes": 10,
    "input_shape": [
      32,
      32,
      1
    ],
    "train_samples": 48000,
    "val_samples": 12000,
    "test_samples": 10000,
    "total_samples": 70000,
    "class_names": [
      "T-shirt/top",
      "Trouser",
      "Pullover",
      "Dress",
      "Coat",
      "Sandal",
      "Shirt",
      "Sneaker",
      "Bag",
      "Ankle boot"
    ],
    "pixel_range": "[0.000, 1.000]",
    "original_size": [
      28,
      28
    ],
    "resized_to": [
      32,
      32
    ]
  },
  "model_config": {},
  "training_params": {
    "epochs": 80,
    "batch_size": 38,
    "learning_rate": 0.0005,
    "validation_split": 0.2,
    "optimizer": "adam"
  },
  "test_metrics": {
    "accuracy": 0.810699999332428,
    "loss": 0.511285662651062,
    "raw_metrics": {
      "loss": 0.511285662651062,
      "compile_metrics": 0.810699999332428
    }
  },
  "comprehensive_evaluation": {
    "test_results": {
      "model_name": "resnet50",
      "dataset_name": "fashion_mnist",
      "accuracy": 0.8107,
      "precision": 0.8062387320674496,
      "recall": 0.8107,
      "f1_score": 0.8064350868973069,
      "precision_per_class": [
        0.7324444444444445,
        0.9751295336787564,
        0.6666666666666666,
        0.7894736842105263,
        0.6979591836734694,
        0.9363256784968684,
        0.5642458100558659,
        0.8780241935483871,
        0.9206963249516441,
        0.9014218009478673
      ],
      "recall_per_class": [
        0.824,
        0.941,
        0.728,
        0.855,
        0.684,
        0.897,
        0.404,
        0.871,
        0.952,
        0.951
      ],
      "f1_per_class": [
        0.7755294117647059,
        0.9577608142493639,
        0.6959847036328872,
        0.8209313490158425,
        0.6909090909090909,
        0.916241062308478,
        0.47086247086247085,
        0.8744979919678715,
        0.9360865290068829,
        0.9255474452554745
      ],
      "confusion_matrix": [
        [
          824,
          11,
          28,
          51,
          10,
          3,
          54,
          0,
          18,
          1
        ],
        [
          0,
          941,
          1,
          38,
          4,
          0,
          14,
          0,
          2,
          0
        ],
        [
          22,
          1,
          728,
          16,
          129,
          0,
          87,
          0,
          17,
          0
        ],
        [
          36,
          8,
          31,
          855,
          25,
          0,
          40,
          0,
          5,
          0
        ],
        [
          2,
          1,
          141,
          62,
          684,
          0,
          101,
          0,
          9,
          0
        ],
        [
          0,
          0,
          0,
          3,
          0,
          897,
          0,
          76,
          4,
          20
        ],
        [
          236,
          2,
          157,
          50,
          124,
          0,
          404,
          0,
          27,
          0
        ],
        [
          0,
          0,
          0,
          0,
          0,
          48,
          0,
          871,
          0,
          81
        ],
        [
          5,
          1,
          5,
          8,
          4,
          3,
          16,
          4,
          952,
          2
        ],
        [
          0,
          0,
          1,
          0,
          0,
          7,
          0,
          41,
          0,
          951
        ]
      ],
      "classification_report": {
        "T-shirt/top": {
          "precision": 0.7324444444444445,
          "recall": 0.824,
          "f1-score": 0.7755294117647059,
          "support": 1000.0
        },
        "Trouser": {
          "precision": 0.9751295336787564,
          "recall": 0.941,
          "f1-score": 0.9577608142493639,
          "support": 1000.0
        },
        "Pullover": {
          "precision": 0.6666666666666666,
          "recall": 0.728,
          "f1-score": 0.6959847036328872,
          "support": 1000.0
        },
        "Dress": {
          "precision": 0.7894736842105263,
          "recall": 0.855,
          "f1-score": 0.8209313490158425,
          "support": 1000.0
        },
        "Coat": {
          "precision": 0.6979591836734694,
          "recall": 0.684,
          "f1-score": 0.6909090909090909,
          "support": 1000.0
        },
        "Sandal": {
          "precision": 0.9363256784968684,
          "recall": 0.897,
          "f1-score": 0.916241062308478,
          "support": 1000.0
        },
        "Shirt": {
          "precision": 0.5642458100558659,
          "recall": 0.404,
          "f1-score": 0.47086247086247085,
          "support": 1000.0
        },
        "Sneaker": {
          "precision": 0.8780241935483871,
          "recall": 0.871,
          "f1-score": 0.8744979919678715,
          "support": 1000.0
        },
        "Bag": {
          "precision": 0.9206963249516441,
          "recall": 0.952,
          "f1-score": 0.9360865290068829,
          "support": 1000.0
        },
        "Ankle boot": {
          "precision": 0.9014218009478673,
          "recall": 0.951,
          "f1-score": 0.9255474452554745,
          "support": 1000.0
        },
        "accuracy": 0.8107,
        "macro avg": {
          "precision": 0.8062387320674496,
          "recall": 0.8107,
          "f1-score": 0.8064350868973069,
          "support": 10000.0
        },
        "weighted avg": {
          "precision": 0.8062387320674496,
          "recall": 0.8107,
          "f1-score": 0.8064350868973069,
          "support": 10000.0
        }
      },
      "roc_auc": 0.9789120333333332,
      "num_samples": 10000,
      "num_classes": 10
    },
    "validation_results": {
      "model_name": "resnet50_validation",
      "dataset_name": "fashion_mnist",
      "accuracy": 0.8223333333333334,
      "precision": 0.819188564399016,
      "recall": 0.8223333333333334,
      "f1_score": 0.8187993934790406,
      "precision_per_class": [
        0.7358767424798239,
        0.9785223367697594,
        0.6880443388756928,
        0.789838337182448,
        0.7008130081300813,
        0.928390901432182,
        0.6096997690531177,
        0.9056603773584906,
        0.9413707679603633,
        0.9136690647482014
      ],
      "recall_per_class": [
        0.8358333333333333,
        0.9491666666666667,
        0.7241666666666666,
        0.855,
        0.7183333333333334,
        0.9183333333333333,
        0.44,
        0.88,
        0.95,
        0.9525
      ],
      "f1_per_class": [
        0.7826765509168943,
        0.9636209813874789,
        0.7056435241575315,
        0.8211284513805522,
        0.7094650205761317,
        0.9233347297863427,
        0.5111326234269119,
        0.8926458157227388,
        0.9456656988801327,
        0.9326805385556916
      ],